{"cameraMode":{"drawMode":0,"name":"Shaded","section":"Shading Mode"},"sceneLighting":false,"audioPlay":false,"sceneViewState":{"showFog":false,"showMaterialUpdate":false,"showSkybox":false,"showFlares":false,"showImageEffects":false,"showParticleSystems":false},"in2DMode":false,"pivot":{"x":1.6150007247924805,"y":2.335000514984131,"z":7.902500152587891},"rotation":{"x":0.11733020097017288,"y":0.12182997912168503,"z":-0.014504742808640004,"w":0.9854870438575745},"size":58.99232864379883,"orthographic":false}