{"cameraMode":{"drawMode":0,"name":"Shaded","section":"Shading Mode"},"sceneLighting":false,"audioPlay":false,"sceneViewState":{"showFog":true,"showMaterialUpdate":false,"showSkybox":false,"showFlares":true,"showImageEffects":true,"showParticleSystems":true},"in2DMode":false,"pivot":{"x":1.1920928955078126e-7,"y":1.6927704811096192,"z":0.238716721534729},"rotation":{"x":0.1929350048303604,"y":-0.15963482856750489,"z":0.0318300761282444,"w":0.967621922492981},"size":8.756431579589844,"orthographic":false}