{"cameraMode":{"drawMode":0,"name":"Shaded","section":"Shading Mode"},"sceneLighting":true,"audioPlay":false,"sceneViewState":{"showFog":false,"showMaterialUpdate":false,"showSkybox":false,"showFlares":false,"showImageEffects":false,"showParticleSystems":false},"in2DMode":false,"pivot":{"x":0.628856360912323,"y":2.9650583267211916,"z":0.07830047607421875},"rotation":{"x":0.11072739958763123,"y":0.028320780023932458,"z":-0.003156569553539157,"w":0.993442714214325},"size":10.417577743530274,"orthographic":false}