{"cameraMode":{"drawMode":0,"name":"Shaded","section":"Shading Mode"},"sceneLighting":false,"audioPlay":false,"sceneViewState":{"showFog":true,"showMaterialUpdate":false,"showSkybox":false,"showFlares":true,"showImageEffects":true,"showParticleSystems":true},"in2DMode":false,"pivot":{"x":0.0,"y":0.26451727747917178,"z":-7.499972820281982},"rotation":{"x":0.14513742923736573,"y":-0.04599388688802719,"z":0.0067542740143835548,"w":0.9883231520652771},"size":37.641197204589847,"orthographic":false}